<?xml version="1.0"?>
<Profile xmlns:xsi="http://www.w3.org/2001/XMLSchema-instance"
  xmlns:xsd="http://www.w3.org/2001/XMLSchema">
  <Name>Samsung Smart TV</Name>
  <Identification>
    <ModelUrl>samsung.com</ModelUrl>
    <Headers>
      <HttpHeaderInfo name="User-Agent" value="SEC_" match="Substring" />
    </Headers>
  </Identification>
  <Manufacturer>Jellyfin</Manufacturer>
  <ManufacturerUrl>https://github.com/jellyfin/jellyfin</ManufacturerUrl>
  <ModelName>Jellyfin Server</ModelName>
  <ModelDescription>UPnP/AV 1.0 Compliant Media Server</ModelDescription>
  <ModelNumber>01</ModelNumber>
  <ModelUrl>https://github.com/jellyfin/jellyfin</ModelUrl>
  <EnableAlbumArtInDidl>true</EnableAlbumArtInDidl>
  <EnableSingleAlbumArtLimit>true</EnableSingleAlbumArtLimit>
  <EnableSingleSubtitleLimit>false</EnableSingleSubtitleLimit>
  <SupportedMediaTypes>Audio,Photo,Video</SupportedMediaTypes>
  <AlbumArtPn>JPEG_SM</AlbumArtPn>
  <MaxAlbumArtWidth>480</MaxAlbumArtWidth>
  <MaxAlbumArtHeight>480</MaxAlbumArtHeight>
  <MaxIconWidth>48</MaxIconWidth>
  <MaxIconHeight>48</MaxIconHeight>
  <MaxStreamingBitrate>140000000</MaxStreamingBitrate>
  <MaxStaticBitrate>140000000</MaxStaticBitrate>
  <MusicStreamingTranscodingBitrate>192000</MusicStreamingTranscodingBitrate>
  <MaxStaticMusicBitrate xsi:nil="true" />
  <ProtocolInfo>http-get:*:video/mpeg:*,http-get:*:video/mp4:*,http-get:*:video/vnd.dlna.mpeg-tts:*,http-get:*:video/avi:*,http-get:*:video/x-matroska:*,http-get:*:video/x-ms-wmv:*,http-get:*:video/wtv:*,http-get:*:audio/mpeg:*,http-get:*:audio/mp3:*,http-get:*:audio/mp4:*,http-get:*:audio/x-ms-wma:*,http-get:*:audio/wav:*,http-get:*:audio/L16:*,http-get:*:image/jpeg:*,http-get:*:image/png:*,http-get:*:image/gif:*,http-get:*:image/tiff:*</ProtocolInfo>
  <TimelineOffsetSeconds>0</TimelineOffsetSeconds>
  <RequiresPlainVideoItems>false</RequiresPlainVideoItems>
  <RequiresPlainFolders>false</RequiresPlainFolders>
  <EnableMSMediaReceiverRegistrar>false</EnableMSMediaReceiverRegistrar>
  <IgnoreTranscodeByteRangeRequests>false</IgnoreTranscodeByteRangeRequests>
  <XmlRootAttributes>
    <XmlAttribute name="xmlns:sec" value="http://www.sec.co.kr/" />
  </XmlRootAttributes>
  <DirectPlayProfiles>
    <DirectPlayProfile container="asf" audioCodec="mp3,ac3,wmav2,wmapro,wmavoice" videoCodec="h264,mpeg4,mjpeg" type="Video" />
    <DirectPlayProfile container="avi" audioCodec="mp3,ac3,dca,dts" videoCodec="h264,mpeg4,mjpeg" type="Video" />
    <DirectPlayProfile container="mkv" audioCodec="mp3,ac3,dca,aac,dts" videoCodec="h264,mpeg4,mjpeg4" type="Video" />
    <DirectPlayProfile container="mp4,m4v" audioCodec="mp3,aac" videoCodec="h264,mpeg4" type="Video" />
    <DirectPlayProfile container="3gp" audioCodec="aac,he-aac" videoCodec="h264,mpeg4" type="Video" />
    <DirectPlayProfile container="mpg,mpeg" audioCodec="ac3,mp2,mp3,aac" videoCodec="mpeg1video,mpeg2video,h264" type="Video" />
    <DirectPlayProfile container="vro,vob" audioCodec="ac3,mp2,mp3" videoCodec="mpeg1video,mpeg2video" type="Video" />
    <DirectPlayProfile container="ts" audioCodec="ac3,aac,mp3,eac3" videoCodec="mpeg2video,h264,vc1" type="Video" />
    <DirectPlayProfile container="asf" audioCodec="wmav2,wmavoice" videoCodec="wmv2,wmv3" type="Video" />
    <DirectPlayProfile container="mp3,flac" type="Audio" />
    <DirectPlayProfile container="jpeg" type="Photo" />
  </DirectPlayProfiles>
  <TranscodingProfiles>
    <TranscodingProfile container="mp3" type="Audio" audioCodec="mp3" estimateContentLength="false" enableMpegtsM2TsMode="false" transcodeSeekInfo="Auto" copyTimestamps="false" context="Streaming" enableSubtitlesInManifest="false" minSegments="0" segmentLength="0" breakOnNonKeyFrames="false" />
    <TranscodingProfile container="ts" type="Video" videoCodec="h264" audioCodec="ac3" estimateContentLength="false" enableMpegtsM2TsMode="false" transcodeSeekInfo="Auto" copyTimestamps="false" context="Streaming" enableSubtitlesInManifest="false" minSegments="0" segmentLength="0" breakOnNonKeyFrames="false" />
    <TranscodingProfile container="jpeg" type="Photo" estimateContentLength="false" enableMpegtsM2TsMode="false" transcodeSeekInfo="Auto" copyTimestamps="false" context="Streaming" enableSubtitlesInManifest="false" minSegments="0" segmentLength="0" breakOnNonKeyFrames="false" />
  </TranscodingProfiles>
  <ContainerProfiles>
    <ContainerProfile type="Photo">
      <Conditions>
        <ProfileCondition condition="LessThanEqual" property="Width" value="1920" isRequired="true" />
        <ProfileCondition condition="LessThanEqual" property="Height" value="1080" isRequired="true" />
      </Conditions>
    </ContainerProfile>
  </ContainerProfiles>
  <CodecProfiles>
    <CodecProfile type="Video" codec="mpeg2video">
      <Conditions>
        <ProfileCondition condition="LessThanEqual" property="Width" value="1920" isRequired="true" />
        <ProfileCondition condition="LessThanEqual" property="Height" value="1080" isRequired="true" />
        <ProfileCondition condition="LessThanEqual" property="VideoFramerate" value="30" isRequired="true" />
        <ProfileCondition condition="LessThanEqual" property="VideoBitrate" value="30720000" isRequired="true" />
      </Conditions>
      <ApplyConditions />
    </CodecProfile>
    <CodecProfile type="Video" codec="mpeg4">
      <Conditions>
        <ProfileCondition condition="LessThanEqual" property="Width" value="1920" isRequired="true" />
        <ProfileCondition condition="LessThanEqual" property="Height" value="1080" isRequired="true" />
        <ProfileCondition condition="LessThanEqual" property="VideoFramerate" value="30" isRequired="true" />
        <ProfileCondition condition="LessThanEqual" property="VideoBitrate" value="8192000" isRequired="true" />
      </Conditions>
      <ApplyConditions />
    </CodecProfile>
    <CodecProfile type="Video" codec="h264">
      <Conditions>
        <ProfileCondition condition="LessThanEqual" property="Width" value="1920" isRequired="true" />
        <ProfileCondition condition="LessThanEqual" property="Height" value="1080" isRequired="true" />
        <ProfileCondition condition="LessThanEqual" property="VideoFramerate" value="30" isRequired="true" />
        <ProfileCondition condition="LessThanEqual" property="VideoBitrate" value="37500000" isRequired="true" />
        <ProfileCondition condition="LessThanEqual" property="VideoLevel" value="41" isRequired="true" />
      </Conditions>
      <ApplyConditions />
    </CodecProfile>
    <CodecProfile type="Video" codec="wmv2,wmv3,vc1">
      <Conditions>
        <ProfileCondition condition="LessThanEqual" property="Width" value="1920" isRequired="true" />
        <ProfileCondition condition="LessThanEqual" property="Height" value="1080" isRequired="true" />
        <ProfileCondition condition="LessThanEqual" property="VideoFramerate" value="30" isRequired="true" />
        <ProfileCondition condition="LessThanEqual" property="VideoBitrate" value="25600000" isRequired="true" />
      </Conditions>
      <ApplyConditions />
    </CodecProfile>
    <CodecProfile type="VideoAudio" codec="wmav2,dca,aac,mp3,dts">
      <Conditions>
        <ProfileCondition condition="LessThanEqual" property="AudioChannels" value="6" isRequired="true" />
      </Conditions>
      <ApplyConditions />
    </CodecProfile>
  </CodecProfiles>
  <ResponseProfiles>
    <ResponseProfile container="avi" type="Video" mimeType="video/x-msvideo">
      <Conditions />
    </ResponseProfile>
    <ResponseProfile container="mkv" type="Video" mimeType="video/x-mkv">
      <Conditions />
    </ResponseProfile>
    <ResponseProfile container="flac" type="Audio" mimeType="audio/x-flac">
      <Conditions />
    </ResponseProfile>
    <ResponseProfile container="m4v" type="Video" mimeType="video/mp4">
      <Conditions />
    </ResponseProfile>
  </ResponseProfiles>
  <SubtitleProfiles>
    <SubtitleProfile format="srt" method="Embed" />
    <SubtitleProfile format="srt" method="External" didlMode="CaptionInfoEx" />
  </SubtitleProfiles>
</Profile>
