<?xml version="1.0"?>
<Profile xmlns:xsi="http://www.w3.org/2001/XMLSchema-instance"
  xmlns:xsd="http://www.w3.org/2001/XMLSchema">
  <Name>Sony Blu-ray Player 2014</Name>
  <Identification>
    <ModelNumber>BDP-2014</ModelNumber>
    <Headers>
      <HttpHeaderInfo name="X-AV-Physical-Unit-Info" value="BDP-S1200" match="Substring" />
      <HttpHeaderInfo name="X-AV-Physical-Unit-Info" value="BDP-S3200" match="Substring" />
      <HttpHeaderInfo name="X-AV-Physical-Unit-Info" value="BDP-S5200" match="Substring" />
      <HttpHeaderInfo name="X-AV-Physical-Unit-Info" value="BDP-S6200" match="Substring" />
      <HttpHeaderInfo name="X-AV-Physical-Unit-Info" value="BDP-S7200" match="Substring" />
    </Headers>
  </Identification>
  <Manufacturer>Microsoft Corporation</Manufacturer>
  <ManufacturerUrl>https://github.com/jellyfin/jellyfin</ManufacturerUrl>
  <ModelName>Windows Media Player Sharing</ModelName>
  <ModelDescription>UPnP/AV 1.0 Compliant Media Server</ModelDescription>
  <ModelNumber>3.0</ModelNumber>
  <ModelUrl>https://github.com/jellyfin/jellyfin</ModelUrl>
  <EnableAlbumArtInDidl>false</EnableAlbumArtInDidl>
  <EnableSingleAlbumArtLimit>false</EnableSingleAlbumArtLimit>
  <EnableSingleSubtitleLimit>false</EnableSingleSubtitleLimit>
  <SupportedMediaTypes>Audio,Photo,Video</SupportedMediaTypes>
  <AlbumArtPn>JPEG_SM</AlbumArtPn>
  <MaxAlbumArtWidth>480</MaxAlbumArtWidth>
  <MaxAlbumArtHeight>480</MaxAlbumArtHeight>
  <MaxIconWidth>48</MaxIconWidth>
  <MaxIconHeight>48</MaxIconHeight>
  <MaxStreamingBitrate>140000000</MaxStreamingBitrate>
  <MaxStaticBitrate>140000000</MaxStaticBitrate>
  <MusicStreamingTranscodingBitrate>192000</MusicStreamingTranscodingBitrate>
  <MaxStaticMusicBitrate xsi:nil="true" />
  <ProtocolInfo>http-get:*:video/divx:DLNA.ORG_PN=MATROSKA;DLNA.ORG_OP=11;DLNA.ORG_FLAGS=81500000000000000000000000000000,http-get:*:video/mpeg:DLNA.ORG_PN=MPEG_PS_PAL;DLNA.ORG_OP=11;DLNA.ORG_FLAGS=81500000000000000000000000000000,http-get:*:video/mpeg:DLNA.ORG_PN=MPEG_PS_NTSC;DLNA.ORG_OP=11;DLNA.ORG_FLAGS=81500000000000000000000000000000,http-get:*:video/vnd.dlna.mpeg-tts:DLNA.ORG_PN=MPEG_TS_SD_EU;DLNA.ORG_OP=11;DLNA.ORG_FLAGS=81500000000000000000000000000000,http-get:*:video/vnd.dlna.mpeg-tts:DLNA.ORG_PN=MPEG_TS_SD_NA;DLNA.ORG_OP=11;DLNA.ORG_FLAGS=81500000000000000000000000000000,http-get:*:video/vnd.dlna.mpeg-tts:DLNA.ORG_PN=MPEG_TS_SD_KO;DLNA.ORG_OP=11;DLNA.ORG_FLAGS=81500000000000000000000000000000,http-get:*:audio/x-ms-wma:DLNA.ORG_PN=WMABASE;DLNA.ORG_OP=01;DLNA.ORG_FLAGS=81500000000000000000000000000000,http-get:*:audio/x-ms-wma:DLNA.ORG_PN=WMAFULL;DLNA.ORG_OP=01;DLNA.ORG_FLAGS=81500000000000000000000000000000,http-get:*:video/mp4:DLNA.ORG_PN=AVC_MP4_MP_SD_AAC_MULT5;DLNA.ORG_OP=11;DLNA.ORG_FLAGS=81500000000000000000000000000000,http-get:*:audio/mpeg:DLNA.ORG_PN=MP3;DLNA.ORG_OP=01;DLNA.ORG_FLAGS=81500000000000000000000000000000,http-get:*:audio/L16;rate=44100;channels=1:DLNA.ORG_PN=LPCM;DLNA.ORG_OP=01;DLNA.ORG_FLAGS=81500000000000000000000000000000,http-get:*:audio/L16;rate=44100;channels=2:DLNA.ORG_PN=LPCM;DLNA.ORG_OP=01;DLNA.ORG_FLAGS=81500000000000000000000000000000,http-get:*:audio/L16;rate=48000;channels=1:DLNA.ORG_PN=LPCM;DLNA.ORG_OP=01;DLNA.ORG_FLAGS=81500000000000000000000000000000,http-get:*:audio/L16;rate=48000;channels=2:DLNA.ORG_PN=LPCM;DLNA.ORG_OP=01;DLNA.ORG_FLAGS=81500000000000000000000000000000,http-get:*:audio/mp4:DLNA.ORG_PN=AAC_ISO;DLNA.ORG_OP=01;DLNA.ORG_FLAGS=81500000000000000000000000000000,http-get:*:audio/mp4:DLNA.ORG_PN=AAC_ISO_320;DLNA.ORG_OP=01;DLNA.ORG_FLAGS=81500000000000000000000000000000,http-get:*:audio/vnd.dlna.adts:DLNA.ORG_PN=AAC_ADTS;DLNA.ORG_OP=01;DLNA.ORG_FLAGS=81500000000000000000000000000000,http-get:*:audio/vnd.dlna.adts:DLNA.ORG_PN=AAC_ADTS_320;DLNA.ORG_OP=01;DLNA.ORG_FLAGS=81500000000000000000000000000000,http-get:*:audio/flac:DLNA.ORG_PN=FLAC;DLNA.ORG_OP=01;DLNA.ORG_FLAGS=81500000000000000000000000000000,http-get:*:audio/ogg:DLNA.ORG_PN=OGG;DLNA.ORG_OP=01;DLNA.ORG_FLAGS=81500000000000000000000000000000,http-get:*:image/jpeg:DLNA.ORG_PN=JPEG_SM;DLNA.ORG_OP=00;DLNA.ORG_FLAGS=00D00000000000000000000000000000,http-get:*:image/jpeg:DLNA.ORG_PN=JPEG_MED;DLNA.ORG_OP=00;DLNA.ORG_FLAGS=00D00000000000000000000000000000,http-get:*:image/jpeg:DLNA.ORG_PN=JPEG_LRG;DLNA.ORG_OP=00;DLNA.ORG_FLAGS=00D00000000000000000000000000000,http-get:*:image/jpeg:DLNA.ORG_PN=JPEG_TN;DLNA.ORG_OP=00;DLNA.ORG_FLAGS=00D00000000000000000000000000000,http-get:*:image/png:DLNA.ORG_PN=PNG_LRG;DLNA.ORG_OP=00;DLNA.ORG_FLAGS=00D00000000000000000000000000000,http-get:*:image/png:DLNA.ORG_PN=PNG_TN;DLNA.ORG_OP=00;DLNA.ORG_FLAGS=00D00000000000000000000000000000,http-get:*:image/gif:DLNA.ORG_PN=GIF_LRG;DLNA.ORG_OP=00;DLNA.ORG_FLAGS=00D00000000000000000000000000000,http-get:*:video/mpeg:DLNA.ORG_PN=MPEG1;DLNA.ORG_OP=11;DLNA.ORG_FLAGS=81500000000000000000000000000000,http-get:*:video/vnd.dlna.mpeg-tts:DLNA.ORG_PN=MPEG_TS_SD_EU_T;DLNA.ORG_OP=11;DLNA.ORG_FLAGS=81500000000000000000000000000000,http-get:*:video/mpeg:DLNA.ORG_PN=MPEG_TS_SD_EU_ISO;DLNA.ORG_OP=11;DLNA.ORG_FLAGS=81500000000000000000000000000000,http-get:*:video/vnd.dlna.mpeg-tts:DLNA.ORG_PN=MPEG_TS_SD_NA_T;DLNA.ORG_OP=11;DLNA.ORG_FLAGS=81500000000000000000000000000000,http-get:*:video/mpeg:DLNA.ORG_PN=MPEG_TS_SD_NA_ISO;DLNA.ORG_OP=11;DLNA.ORG_FLAGS=81500000000000000000000000000000,http-get:*:video/vnd.dlna.mpeg-tts:DLNA.ORG_PN=MPEG_TS_SD_KO_T;DLNA.ORG_OP=11;DLNA.ORG_FLAGS=81500000000000000000000000000000,http-get:*:video/mpeg:DLNA.ORG_PN=MPEG_TS_SD_KO_ISO;DLNA.ORG_OP=11;DLNA.ORG_FLAGS=81500000000000000000000000000000,http-get:*:video/vnd.dlna.mpeg-tts:DLNA.ORG_PN=MPEG_TS_JP_T;DLNA.ORG_OP=11;DLNA.ORG_FLAGS=81500000000000000000000000000000,http-get:*:video/x-msvideo:DLNA.ORG_PN=AVI;DLNA.ORG_OP=11;DLNA.ORG_FLAGS=81500000000000000000000000000000,http-get:*:video/x-flv:DLNA.ORG_PN=FLV;DLNA.ORG_OP=11;DLNA.ORG_FLAGS=81500000000000000000000000000000,http-get:*:video/x-ms-dvr:DLNA.ORG_PN=DVR_MS;DLNA.ORG_OP=11;DLNA.ORG_FLAGS=81500000000000000000000000000000,http-get:*:video/wtv:DLNA.ORG_PN=WTV;DLNA.ORG_OP=11;DLNA.ORG_FLAGS=81500000000000000000000000000000,http-get:*:video/ogg:DLNA.ORG_PN=OGV;DLNA.ORG_OP=11;DLNA.ORG_FLAGS=81500000000000000000000000000000,http-get:*:video/vnd.rn-realvideo:DLNA.ORG_PN=REAL_VIDEO;DLNA.ORG_OP=11;DLNA.ORG_FLAGS=81500000000000000000000000000000,http-get:*:video/x-ms-wmv:DLNA.ORG_PN=WMVMED_BASE;DLNA.ORG_OP=11;DLNA.ORG_FLAGS=81500000000000000000000000000000,http-get:*:video/x-ms-wmv:DLNA.ORG_PN=WMVMED_FULL;DLNA.ORG_OP=11;DLNA.ORG_FLAGS=81500000000000000000000000000000,http-get:*:video/x-ms-wmv:DLNA.ORG_PN=WMVHIGH_FULL;DLNA.ORG_OP=11;DLNA.ORG_FLAGS=81500000000000000000000000000000,http-get:*:video/x-ms-wmv:DLNA.ORG_PN=WMVMED_PRO;DLNA.ORG_OP=11;DLNA.ORG_FLAGS=81500000000000000000000000000000,http-get:*:video/x-ms-wmv:DLNA.ORG_PN=WMVHIGH_PRO;DLNA.ORG_OP=11;DLNA.ORG_FLAGS=81500000000000000000000000000000,http-get:*:video/x-ms-asf:DLNA.ORG_PN=VC1_ASF_AP_L1_WMA;DLNA.ORG_OP=11;DLNA.ORG_FLAGS=81500000000000000000000000000000,http-get:*:video/x-ms-asf:DLNA.ORG_PN=VC1_ASF_AP_L2_WMA;DLNA.ORG_OP=11;DLNA.ORG_FLAGS=81500000000000000000000000000000,http-get:*:video/x-ms-asf:DLNA.ORG_PN=VC1_ASF_AP_L3_WMA;DLNA.ORG_OP=11;DLNA.ORG_FLAGS=81500000000000000000000000000000,http-get:*:video/3gpp:DLNA.ORG_PN=MPEG4_P2_3GPP_SP_L0B_AAC;DLNA.ORG_OP=11;DLNA.ORG_FLAGS=81500000000000000000000000000000,http-get:*:video/3gpp:DLNA.ORG_PN=MPEG4_P2_3GPP_SP_L0B_AMR;DLNA.ORG_OP=11;DLNA.ORG_FLAGS=81500000000000000000000000000000,http-get:*:video/3gpp:DLNA.ORG_PN=MPEG4_H263_3GPP_P0_L10_AMR;DLNA.ORG_OP=11;DLNA.ORG_FLAGS=81500000000000000000000000000000,http-get:*:video/3gpp:DLNA.ORG_PN=MPEG4_H263_MP4_P0_L10_AAC;DLNA.ORG_OP=11;DLNA.ORG_FLAGS=81500000000000000000000000000000</ProtocolInfo>
  <TimelineOffsetSeconds>0</TimelineOffsetSeconds>
  <RequiresPlainVideoItems>false</RequiresPlainVideoItems>
  <RequiresPlainFolders>false</RequiresPlainFolders>
  <EnableMSMediaReceiverRegistrar>false</EnableMSMediaReceiverRegistrar>
  <IgnoreTranscodeByteRangeRequests>false</IgnoreTranscodeByteRangeRequests>
  <XmlRootAttributes>
    <XmlAttribute name="xmlns:av" value="urn:schemas-sony-com:av" />
  </XmlRootAttributes>
  <DirectPlayProfiles>
    <DirectPlayProfile container="ts,mpegts" audioCodec="ac3,aac,mp3,pcm" videoCodec="mpeg1video,mpeg2video,h264" type="Video" />
    <DirectPlayProfile container="mpeg,mpg" audioCodec="ac3,mp3,mp2,pcm" videoCodec="mpeg1video,mpeg2video" type="Video" />
    <DirectPlayProfile container="mp4,m4v" audioCodec="ac3,aac,pcm,mp3" videoCodec="mpeg4,h264" type="Video" />
    <DirectPlayProfile container="avi" audioCodec="ac3,aac,mp3,pcm" videoCodec="mpeg4,h264" type="Video" />
    <DirectPlayProfile container="mkv" audioCodec="ac3,dca,aac,mp3,pcm,dts" videoCodec="mpeg4,h264" type="Video" />
    <DirectPlayProfile container="m2ts,mts" audioCodec="aac,mp3,ac3,dca,dts" videoCodec="h264,mpeg4,vc1" type="Video" />
    <DirectPlayProfile container="wmv,asf" type="Video" />
    <DirectPlayProfile container="mp3,m4a,wma,wav" type="Audio" />
    <DirectPlayProfile container="jpeg,png,gif" type="Photo" />
  </DirectPlayProfiles>
  <TranscodingProfiles>
    <TranscodingProfile container="mp3" type="Audio" audioCodec="mp3" estimateContentLength="false" enableMpegtsM2TsMode="false" transcodeSeekInfo="Auto" copyTimestamps="false" context="Streaming" enableSubtitlesInManifest="false" minSegments="0" segmentLength="0" breakOnNonKeyFrames="false" />
    <TranscodingProfile container="mkv" type="Video" videoCodec="h264" audioCodec="ac3,aac,mp3" estimateContentLength="false" enableMpegtsM2TsMode="false" transcodeSeekInfo="Auto" copyTimestamps="false" context="Streaming" enableSubtitlesInManifest="false" minSegments="0" segmentLength="0" breakOnNonKeyFrames="false" />
    <TranscodingProfile container="jpeg" type="Photo" estimateContentLength="false" enableMpegtsM2TsMode="false" transcodeSeekInfo="Auto" copyTimestamps="false" context="Streaming" enableSubtitlesInManifest="false" minSegments="0" segmentLength="0" breakOnNonKeyFrames="false" />
  </TranscodingProfiles>
  <ContainerProfiles>
    <ContainerProfile type="Photo">
      <Conditions>
        <ProfileCondition condition="LessThanEqual" property="Width" value="1920" isRequired="true" />
        <ProfileCondition condition="LessThanEqual" property="Height" value="1080" isRequired="true" />
      </Conditions>
    </ContainerProfile>
  </ContainerProfiles>
  <CodecProfiles>
    <CodecProfile type="Video" codec="h264">
      <Conditions>
        <ProfileCondition condition="LessThanEqual" property="Width" value="1920" isRequired="true" />
        <ProfileCondition condition="LessThanEqual" property="Height" value="1080" isRequired="true" />
        <ProfileCondition condition="LessThanEqual" property="VideoFramerate" value="30" isRequired="false" />
      </Conditions>
      <ApplyConditions />
    </CodecProfile>
    <CodecProfile type="VideoAudio" codec="ac3">
      <Conditions>
        <ProfileCondition condition="LessThanEqual" property="AudioChannels" value="6" isRequired="false" />
      </Conditions>
      <ApplyConditions />
    </CodecProfile>
  </CodecProfiles>
  <ResponseProfiles />
  <SubtitleProfiles>
    <SubtitleProfile format="srt" method="Embed" />
  </SubtitleProfiles>
</Profile>
