<?xml version="1.0" encoding="utf-8"?>
<EncodingOptions xmlns:xsi="http://www.w3.org/2001/XMLSchema-instance" xmlns:xsd="http://www.w3.org/2001/XMLSchema">
  <EncodingThreadCount>-1</EncodingThreadCount>
  <EnableFallbackFont>false</EnableFallbackFont>
  <DownMixAudioBoost>2</DownMixAudioBoost>
  <MaxMuxingQueueSize>2048</MaxMuxingQueueSize>
  <EnableThrottling>false</EnableThrottling>
  <ThrottleDelaySeconds>180</ThrottleDelaySeconds>
  <EncoderAppPathDisplay>/usr/lib/jellyfin-ffmpeg/ffmpeg</EncoderAppPathDisplay>
  <VaapiDevice>/dev/dri/renderD128</VaapiDevice>
  <EnableTonemapping>false</EnableTonemapping>
  <EnableVppTonemapping>false</EnableVppTonemapping>
  <TonemappingAlgorithm>bt2390</TonemappingAlgorithm>
  <TonemappingMode>auto</TonemappingMode>
  <TonemappingRange>auto</TonemappingRange>
  <TonemappingDesat>0</TonemappingDesat>
  <TonemappingPeak>100</TonemappingPeak>
  <TonemappingParam>0</TonemappingParam>
  <VppTonemappingBrightness>16</VppTonemappingBrightness>
  <VppTonemappingContrast>1</VppTonemappingContrast>
  <H264Crf>23</H264Crf>
  <H265Crf>28</H265Crf>
  <DeinterlaceDoubleRate>false</DeinterlaceDoubleRate>
  <DeinterlaceMethod>yadif</DeinterlaceMethod>
  <EnableDecodingColorDepth10Hevc>true</EnableDecodingColorDepth10Hevc>
  <EnableDecodingColorDepth10Vp9>true</EnableDecodingColorDepth10Vp9>
  <EnableEnhancedNvdecDecoder>true</EnableEnhancedNvdecDecoder>
  <PreferSystemNativeHwDecoder>true</PreferSystemNativeHwDecoder>
  <EnableIntelLowPowerH264HwEncoder>false</EnableIntelLowPowerH264HwEncoder>
  <EnableIntelLowPowerHevcHwEncoder>false</EnableIntelLowPowerHevcHwEncoder>
  <EnableHardwareEncoding>true</EnableHardwareEncoding>
  <AllowHevcEncoding>false</AllowHevcEncoding>
  <EnableSubtitleExtraction>true</EnableSubtitleExtraction>
  <HardwareDecodingCodecs>
    <string>h264</string>
    <string>vc1</string>
  </HardwareDecodingCodecs>
  <AllowOnDemandMetadataBasedKeyframeExtractionForExtensions>
    <string>mkv</string>
  </AllowOnDemandMetadataBasedKeyframeExtractionForExtensions>
</EncodingOptions>