<?xml version="1.0" encoding="utf-8"?>
<MigrationOptions xmlns:xsi="http://www.w3.org/2001/XMLSchema-instance" xmlns:xsd="http://www.w3.org/2001/XMLSchema">
  <Applied>
    <ValueTupleOfGuidString>
      <Item1>4124c2cd-e939-4ffb-9be9-9b311c413638</Item1>
      <Item2>DisableTranscodingThrottling</Item2>
    </ValueTupleOfGuidString>
    <ValueTupleOfGuidString>
      <Item1>ef103419-8451-40d8-9f34-d1a8e93a1679</Item1>
      <Item2>CreateLoggingConfigHeirarchy</Item2>
    </ValueTupleOfGuidString>
    <ValueTupleOfGuidString>
      <Item1>3793eb59-bc8c-456c-8b9f-bd5a62a42978</Item1>
      <Item2>MigrateActivityLogDatabase</Item2>
    </ValueTupleOfGuidString>
    <ValueTupleOfGuidString>
      <Item1>acbe17b7-8435-4a83-8b64-6fcf162cb9bd</Item1>
      <Item2>RemoveDuplicateExtras</Item2>
    </ValueTupleOfGuidString>
    <ValueTupleOfGuidString>
      <Item1>5c4b82a2-f053-4009-bd05-b6fcad82f14c</Item1>
      <Item2>MigrateUserDatabase</Item2>
    </ValueTupleOfGuidString>
    <ValueTupleOfGuidString>
      <Item1>06387815-c3cc-421f-a888-fb5f9992bea8</Item1>
      <Item2>MigrateDisplayPreferencesDatabase</Item2>
    </ValueTupleOfGuidString>
    <ValueTupleOfGuidString>
      <Item1>a81f75e0-8f43-416f-a5e8-516ccab4d8cc</Item1>
      <Item2>RemoveDownloadImagesInAdvance</Item2>
    </ValueTupleOfGuidString>
    <ValueTupleOfGuidString>
      <Item1>5bd72f41-e6f3-4f60-90aa-09869abe0e22</Item1>
      <Item2>MigrateAuthenticationDatabase</Item2>
    </ValueTupleOfGuidString>
    <ValueTupleOfGuidString>
      <Item1>eb58ebee-9514-4b9b-8225-12e1a40020df</Item1>
      <Item2>AddDefaultPluginRepository</Item2>
    </ValueTupleOfGuidString>
    <ValueTupleOfGuidString>
      <Item1>5f86e7f6-d966-4c77-849d-7a7b40b68c4e</Item1>
      <Item2>ReaddDefaultPluginRepository</Item2>
    </ValueTupleOfGuidString>
    <ValueTupleOfGuidString>
      <Item1>de009b59-baae-428d-a810-f67762dc05b8</Item1>
      <Item2>AddPeopleQueryIndex</Item2>
    </ValueTupleOfGuidString>
    <ValueTupleOfGuidString>
      <Item1>9b354818-94d5-4b68-ac49-e35cb85f9d84</Item1>
      <Item2>CreateNetworkConfiguration</Item2>
    </ValueTupleOfGuidString>
  </Applied>
</MigrationOptions>